DAL,UAL,AAL
18.439054,38.462444,29.637444
19.070009,39.36953,31.722683
19.32428,41.333336,32.649467
19.616215,42.025337,33.421764
20.08708,41.950527,34.618851
19.446701,40.809654,32.659111
18.947584,40.155052,33.527962
19.239521,40.267273,33.721039
19.305441,40.285976,32.919758
19.719807,41.613876,33.75
19.955238,42.80151,34.078232
20.124748,44.213573,33.701729
20.25659,43.886276,34.754002
20.153004,44.12006,33.508648
19.879898,44.17617,33.30592
20.08708,46.037106,34.058918
19.569126,45.092609,33.634155
18.231871,43.540272,33.373501
17.506739,42.595776,32.32122
16.998209,42.361992,31.54891
16.78161,41.277225,29.936712
17.280725,41.557766,29.386444
17.77984,42.679939,29.637444
17.610331,41.90377,30.062212
16.969955,40.66003,28.961668
17.374903,40.631977,30.187716
17.412569,43.128807,30.303562
16.828695,40.977978,28.14109
16.536757,39.865158,27.976973
16.282494,39.706184,28.440357
15.981137,38.967419,27.725973
14.832232,35.647663,24.704302
14.992326,36.059128,25.978621
15.067664,38.004223,25.399384
15.143002,37.817192,25.737272
16.678019,40.061539,27.523239
17.045296,40.987331,29.511946
16.951122,40.875111,28.594824
17.177135,42.558369,29.65675
16.668606,41.370739,28.749289
16.339001,40.959274,27.706667
16.348415,42.371346,28.807207
15.990558,43.100754,29.116131
15.896387,44.391254,29.878792
16.508507,44.746605,31.433064
16.59326,43.90498,30.477329
17.01704,42.913727,30.062212
16.59326,41.782204,28.778246
16.423754,41.75415,28.488632
16.659184,42.745399,30.071869
16.15065,41.333336,28.855478
16.565012,42.100151,28.865133
16.621517,42.885674,29.038902
16.15065,41.97858,28.150742
16.433167,43.128807,28.758942
17.224224,44.690498,29.40575
16.687437,43.792763,28.729975
16.536757,43.02594,28.372784
15.095915,40.426243,25.080805
16.084728,41.249172,25.679348
16.828695,42.80151,25.968964
16.78161,42.80151,25.582809
16.904039,43.512215,25.341463
17.1583,44.681145,26.509583
17.874014,45.625641,27.658394
18.156532,45.130013,28.034897
17.525576,44.0546,28.488632
18.071777,45.260937,28.971325
18.344881,45.447964,29.511946
18.448475,45.859428,30.438719
18.486141,45.541477,29.733978
18.260128,44.522171,28.14109
18.796909,44.718552,29.106478
18.834579,43.558975,27.223967
18.909914,44.690498,27.793547
19.211269,46.439217,27.812857
18.796909,45.850075,26.760584
18.363716,44.765308,25.466961
18.834579,45.008446,25.582809
19.606791,48.150528,27.677702
19.380781,47.009655,27.745283
18.891083,45.457317,26.442001
18.589731,44.213573,26.403389
18.693321,43.596378,26.133078
19.474953,45.055202,27.484625
19.587961,44.793365,26.702658
19.022924,44.026546,25.911041
18.76866,42.577072,24.984266
18.373129,42.390049,24.279533
17.431402,40.66003,22.281179
16.433167,39.28537,21.817795
16.00939,38.752338,21.277172
15.538528,37.695629,20.302132
16.838112,38.359577,21.267519
17.657419,40.678734,22.599756
18.382551,41.305279,22.667334
18.683905,40.454296,22.425987
18.806326,40.126999,21.634365
17.902264,38.11644,19.896666
16.433167,35.71312,18.554777
16.866365,36.470589,19.249855
17.092381,37.620815,19.645666
16.461424,37.200001,18.873354
16.536757,37.97617,18.834742
17.676252,38.808445,20.244205
17.544405,37.517948,19.365702
18.608562,38.284763,20.05113
18.439054,37.228054,19.2402
17.525576,37.387028,18.940933
17.233643,37.527302,17.415621
17.308977,37.994873,16.932924
17.610331,39.640724,17.618349
17.177135,39.21056,18.110697
16.037645,36.461239,16.981194
14.822812,34.114025,14.780104
14.45554,34.188839,15.195222
14.690973,34.38522,15.117992
13.683322,32.552338,14.249143
13.344301,32.37466,14.297412
13.881084,34.132729,14.905606
13.542063,33.234993,14.963531
14.201274,33.431374,14.866989
14.229524,34.57225,15.426916
13.918756,33.786728,15.175916
13.579732,32.542984,14.654605
13.749242,32.253094,14.200871
14.022345,33.34721,14.200871
12.986442,29.915234,12.858981
12.854598,29.6908,12.279748
12.590915,31.000002,11.980475
12.609752,29.18,11.806708
11.08415,24.389999,10.628935
12.732174,26.030001,10.513086
15.048831,32.189999,12.115633
14.577964,32.07,11.478476
14.408454,32.93,11.623283
15.048831,34.57,12.077016
15.067664,34.639999,12.105977
14.304861,33.419998,12.077016
14.257777,32.939999,12.472826
13.984675,31.870001,11.603977
15.048831,36.41,12.685213
15.058245,34.470001,12.221825
15.265425,34.869999,11.864632
15.21834,35.630001,12.868636
15.07708,35.669998,12.646597
15.208922,36,12.916903
15.839881,37.950001,13.360986
17.450237,41.139999,14.857337
16.244823,38.580002,13.959526
16.037645,36.66,14.046408
16.904039,37.669998,14.809068
17.412569,39.549999,14.866989
17.130049,39.959999,14.644952
16.951122,40.110001,14.587029
16.508507,38.830002,14.384297
16.678019,38.59,14.789761
16.056477,37.029999,13.554062
16.310743,37.349998,13.911255
15.792795,35.810001,13.428559
15.830464,37.139999,13.718178
15.265425,35.91,13.447868
15.416102,35.490002,13.013442
15.208922,35.25,13.225829
14.982906,34.950001,13.409254
14.125934,33.23,13.32237
13.268962,31.940001,12.694864
12.572081,30.299999,11.970823
12.223642,29.34,11.575014
12.374319,28.4,12.173553
13.494977,30.17,12.318364
12.713341,28.309999,11.159896
12.138887,28.09,10.609625
11.281913,26.49,9.933851
11.404338,26.83,9.634583
9.539712,24.290001,8.70781
9.906991,24.049999,8.456807
9.040597,22.68,8.003077
8.692158,20.91,7.192149
9.502045,22.57,7.703805
9.822232,23.18,8.138229
9.41729,23.17,8.427845
9.426707,23.639999,8.78504
9.38904,24.129999,8.804348
8.230712,21.99,8.234768
7.863437,21.25,7.916189
8.108287,21.190001,8.273383
8.098869,21.530001,8.601617
8.607402,23.129999,9.296696
8.287215,22.040001,8.85262
8.29663,21.790001,8.929849
8.240128,21.200001,9.103619
8.748662,22.18,9.287042
8.79575,22.73,9.528389
8.390805,21.16,8.534039
9.181858,22.4,8.842961
9.426707,22.9,8.505076
9.869319,23.610001,8.4375
8.626237,22.32,7.86792
8.117705,22.860001,7.771381
8.051784,22.4,7.597611
8.240128,22.85,7.752073
7.722176,21.43,7.558996
6.403758,13.55,6.603261
6.177742,13.95,6.033681
6.836952,15.4,6.815646
6.601521,15.21,6.912185
6.771031,14.81,8.321652
7.759846,14.93,8.649886
8.014114,14.9,8.292693
8.315466,16.1,9.026386
8.004695,15.89,8.418193
7.637421,15,8.032038
7.411406,14.15,7.752073
7.223061,13.82,7.085955
7.128889,13.54,6.796338
7.204227,13.71,6.834954
7.006464,14,6.748068
6.959378,13.71,6.738414
7.486746,14.17,6.999071
7.392573,14.38,7.356264
7.062967,13.81,7.530033
6.733362,12.42,7.056993
6.497929,11.56,6.632223
5.433776,8.15,5.164831
5.433776,8.15,5.03933
5.179509,7.52,4.035326
5.575035,8.18,4.286327
5.320768,7.91,3.938787
5.782216,8.39,4.170481
5.791633,8.54,3.822941
5.509114,7.88,3.629863
5.744546,8.53,3.91948
5.744546,9.14,4.04498
6.441427,10.11,4.26702
5.932893,8.64,3.977402
5.735129,8.28,3.784325
5.584452,8.25,3.649171
5.047668,7.22,3.089245
4.840486,6.31,2.596896
5.009998,6.86,2.761013
5.236013,7.19,3.00236
5.396107,7,3.147168
5.132423,6.55,2.905821
6.008231,8.11,3.417477
5.34902,7.16,3.040976
4.708645,6.09,2.452088
4.953496,6.01,2.355549
5.00058,5.75,2.490704
5.14184,5.56,2.365203
5.198344,5.56,2.365203
5.367854,5.22,2.413472
5.207761,4.6,2.326588
4.614472,4.01,2.287971
4.661559,3.86,2.316934
4.595638,4.19,2.384511
5.499697,4.75,2.60655
4.97233,4.41,2.519665
4.887573,4.17,2.336241
4.642724,3.63,2.104548
4.369622,3.43,1.843893
4.397875,3.13,1.699085
5.565618,4.43,2.162472
6.413175,5.07,2.442434
6.526181,5.45,2.770667
6.177742,4.99,2.596896
7.26073,8.41,4.122211
8.098869,9.35,4.884868
6.403758,7.45,4.363559
6.912291,7.65,4.382866
6.497929,7.01,4.025672
7.449077,8.51,4.682137
6.771031,7.9,4.701444
7.100637,8.31,4.884868
7.251313,8.2,4.981407
7.646838,8.93,5.483408
8.193041,10.24,6.468106
8.221292,10.1,6.429491
8.277797,9.61,6.535684
8.588568,11.13,7.684497
8.79575,12.27,8.099614
8.701575,13.3,9.065001
7.854017,12.06,8.794694
8.306047,12.68,8.553347
8.86167,14.18,8.70781
8.85225,14.94,8.678844
8.070618,13.57,7.375572
7.7881,12.4,7.250072
7.439658,11.33,6.564646
8.127122,12.72,7.587958
7.882272,12.17,7.510726
7.477329,11.15,7.085955
6.893456,9.88,6.834954
7.712758,11,7.877574
7.656256,11.11,8.196154
8.635655,12.41,8.514729
8.57915,12.56,8.244421
8.437892,11.92,7.385225
8.29663,12.3,7.636227
8.089453,10.92,7.414187
7.750428,10.6,6.883224
7.411406,9.97,6.439146
7.618588,11.12,7.259726
7.656256,11.36,7.607266
7.580918,12.36,7.568649
9.360785,14.02,8.78504
8.475561,12.53,7.472111
8.899338,12.91,7.674842
9.106519,13.24,7.636227
8.193041,11.8,6.622569
8.334303,11.8,6.815646
7.562083,10.35,6.052989
7.590337,9.96,6.004719
7.486746,9.15,5.90818
6.902873,8.33,5.406178
7.015881,8.79,5.821296
8.051784,9.52,6.757722
7.449077,9.11,6.680493
7.40199,8.11,6.265376
6.818117,6.7,5.966105
5.377273,5.02,4.933139
5.311351,5.4,3.987056
5.330185,5.35,3.504362
5.678626,6.02,4.44079
6.403758,7,5.483408
6.921708,7.13,5.348256
7.006464,7.35,5.106907
8.324884,10.3,6.545337
8.654489,12.28,7.124571
8.86167,12.67,7.134224
9.191276,13.8,7.558996
9.351369,14.65,8.196154
8.287215,12.51,6.892877
7.825767,11.95,7.694149
7.213644,11.4,6.902531
7.684509,12.76,8.263729
7.524415,11,8.167189
8.993512,13.18,9.00708
10.340181,14.56,9.789045
10.848719,16.59,10.484124
10.622702,15.48,9.721467
9.869319,14.46,8.447155
8.965259,14.27,7.645881
8.908754,13.98,7.597611
8.456726,13.34,7.240417
8.324884,12.83,7.250072
6.940542,9.33,5.048984
7.693926,11,6.30399
7.392573,10.15,5.531678
7.411406,10.69,5.966105
7.420825,11.03,5.869566
6.592103,8.56,4.730407
6.610937,7.53,4.257365
6.422591,7.67,4.324943
6.921708,8.85,4.933139
7.901106,11.04,5.657179
7.929357,11.03,5.695795
8.29663,11.25,5.753718
7.496163,8.94,4.942792
7.976446,9.64,5.792335
8.230712,9.92,5.956451
8.362552,10.43,6.419837
9.756312,11.76,7.211454
10.377853,12.1,7.616919
10.236593,10.52,6.583953
10.359017,10.36,7.04734
9.38904,9.43,6.294336
9.888153,9.94,6.448798
10.010576,9.52,6.13022
10.52853,10.22,6.902531
10.359017,10.6,7.114917
10.368438,11.01,7.114917
9.954075,11.09,7.182494
9.65272,10.67,7.076301
9.671555,10.37,6.989417
9.859903,10.58,7.385225
9.982328,10.52,7.17284
10.151836,10.57,7.163185
10.283679,10.74,7.26938
10.792214,11.02,7.462457
11.423172,11.87,8.099614
11.25366,11.45,8.04169
11.658605,12.06,8.746426
11.187741,12.06,8.765733
11.507928,12.77,9.238773
11.074734,12.24,8.6885
10.641537,11.65,8.244421
10.46261,11.04,7.983767
9.690391,10.27,7.134224
10.330767,11.14,7.288687
10.763962,11.95,8.234768
10.396688,11.62,7.365917
9.511462,10.91,7.279033
9.963493,11.45,7.385225
9.66214,11.83,7.549342
9.351369,12.11,7.433495
7.46791,11.04,6.47776
8.230712,11.72,7.04734
7.552667,10.5,6.246067
6.497929,9.44,5.473756
6.658023,9.08,5.522025
6.497929,8.97,5.570295
6.130655,8.54,5.280677
6.14949,8.58,5.03933
6.912291,8.94,5.280677
6.874621,8.89,5.222754
6.441427,8.23,4.884868
6.092987,7.53,4.421481
6.56385,7.87,4.56629
6.695693,7.99,4.585598
5.979979,7.47,4.26702
5.377273,6.36,3.649171
5.396107,6.07,3.4754
5.236013,5.42,3.012013
5.377273,6.48,3.427131
5.603287,6.72,3.533324
5.377273,6.3,3.185784
5.358437,5.99,3.137514
4.736896,4.91,2.751359
4.322536,4.26,2.384511
4.011765,3.94,2.220395
4.200111,4.22,2.287971
3.700995,3.66,1.901816
3.823419,3.94,2.08524
3.945845,3.84,1.940432
4.463794,4.5,2.30728
4.520298,5.1,2.500357
5.019415,5.59,2.703089
5.480863,6.07,3.031322
5.217177,5.44,2.703089
5.791633,5.78,2.925129
5.716295,6.02,3.108552
5.057084,5.19,2.587243
4.727479,4.48,2.278318
5.123006,4.79,2.616204
5.132423,4.55,2.510011
5.34902,4.76,2.52932
5.914058,5.4,2.703089
5.688043,5.02,2.577589
5.085336,4.5,2.355549
5.301934,4.48,2.442434
5.565618,4.86,2.510011
6.074151,5.28,2.732051
6.25308,5.29,2.867205
6.535599,5.86,3.031322
6.271915,5.47,2.934783
6.507346,5.7,2.992706
6.959378,6.56,3.340246
7.072385,6.76,3.494709
6.592103,6.05,3.253361
6.855788,6.56,3.57194
6.855788,6.47,3.678132
6.893456,6.45,3.832594
6.413175,5.87,3.456092
7.637421,6.63,4.035326
7.204227,6.18,4.209096
7.533832,6.39,4.633868
7.420825,6.42,4.672482
6.35667,5.5,3.861556
5.725712,5.05,3.707094
5.857554,5.18,3.851902
5.810467,4.92,3.658824
6.0459,5.16,3.87121
6.610937,5.61,4.421481
7.091219,6.22,4.778676
6.902873,6.02,4.826944
6.573268,5.57,3.832594
6.554433,5.57,3.562286
6.507346,5.51,3.620209
6.243663,5.25,3.291976
5.970562,4.83,2.876859
5.998813,4.92,3.050629
5.961144,4.76,2.934783
6.384923,5.1,3.050629
6.215411,5.14,2.992706
6.092987,5,2.896167
6.083569,4.89,2.886513
5.857554,4.87,2.789974
5.885806,4.91,2.789974
5.236013,4.53,2.500357
5.179509,4.39,2.471396
5.471447,4.65,2.490704
6.055318,4.97,2.847898
6.479095,5.27,2.973398
6.789866,5.29,2.847898
6.723945,5.12,2.761013
6.610937,5.04,2.809282
6.328419,4.65,2.635511
6.497929,4.66,2.65482
6.168325,4.37,2.538973
6.290749,4.12,2.577589
6.027066,3.83,2.616204
5.744546,3.73,2.519665
5.80105,3.82,2.55828
5.819885,3.98,2.60655
5.631539,3.82,2.538973
5.716295,3.85,2.48105
5.320768,3.57,2.384511
5.085336,3.2,2.094894
5.207761,3.17,2.075586
5.678626,3.57,2.287971
5.367854,3.48,2.268664
5.45261,3.47,2.181779
5.45261,3.19,2.345895
5.509114,3.29,2.326588
5.537367,3.31,2.374857
5.396107,3.34,2.287971
5.377273,3.26,2.143164
5.34902,3.25,2.065932
5.414941,3.18,2.08524
5.5562,3.26,1.988701
5.622121,3.31,2.036971
5.631539,3.27,1.969393
5.80105,3.47,2.027317
5.763382,3.49,2.008009
5.725712,3.39,1.969393
5.90464,3.51,2.056279
5.706878,3.72,2.008009
5.433776,3.36,1.979047
5.706878,3.44,2.220395
5.838719,3.79,2.693435
5.838719,3.72,2.703089
6.121238,3.96,2.799628
6.432008,4.16,2.915474
6.46026,4.13,2.934783
6.526181,4.12,2.82859
6.573268,4.21,2.645166
6.752196,5,2.905821
6.893456,5.92,3.147168
6.865204,5.85,2.95409
6.978212,6.04,3.098899
6.667442,5.97,2.963744
6.610937,5.71,2.809282
6.780448,5.83,2.934783
6.780448,6.31,3.021667
6.610937,6.15,2.973398
6.215411,5.63,2.809282
6.35667,5.77,2.82859
6.215411,5.61,2.789974
6.403758,5.79,2.905821
6.714527,6,3.040976
6.676859,6.03,3.079591
6.940542,6.55,3.330592
7.025298,6.76,3.629863
7.053549,6.54,3.52367
6.912291,6.52,3.446439
6.799282,6.23,3.282323
6.497929,5.71,2.896167
6.441427,5.67,3.021667
6.742779,6.18,3.147168
6.959378,6.31,3.263015
6.874621,6.33,3.30163
6.902873,6.45,3.456092
7.628006,7.6,3.880864
7.590337,7.66,3.890518
8.098869,8.43,3.987056
8.616821,8.79,4.247711
8.899338,9.09,4.228404
8.626237,8.6,4.952445
8.437892,8.52,4.807637
9.087683,9.4,5.242062
8.946424,9.05,5.048984
8.560315,8.73,4.363559
8.400223,8.83,4.74006
8.522648,9.3,4.78833
8.475561,9.13,4.769022
8.663908,9.18,4.701444
8.437892,9.22,4.537329
7.665675,7.24,4.112557
7.835184,7.21,4.160826
7.948194,7.3,4.199441
7.957612,7.21,4.228404
7.797516,6.99,4.102903
8.117705,7.22,4.21875
8.164792,7.2,4.315289
8.381389,7.16,4.353905
8.381389,7.28,4.286327
8.522648,7.82,4.324943
8.54148,7.64,4.363559
8.503815,7.43,4.141519
8.466142,7.26,4.035326
8.494396,7.9,4.199441
7.844603,6.92,3.736056
7.835184,7.21,3.726402
7.759846,6.86,3.562286
7.336069,6.66,3.253361
7.194809,6.65,3.031322
6.771031,6.33,3.021667
6.931125,6.64,3.098899
6.723945,6.51,2.95409
6.545016,6.44,2.809282
6.799282,6.64,2.82859
6.742779,6.46,2.818936
6.902873,6.52,2.847898
7.336069,6.96,3.079591
7.430241,7,3.089245
7.279564,6.7,2.95409
7.46791,7.3,3.118207
7.345487,7.12,3.040976
7.345487,7.25,3.108552
7.524415,7.51,3.263015
7.439658,7.48,3.234053
7.307817,7.16,3.156822
7.147723,7.07,3.012013
7.175975,7.02,2.992706
7.279564,7.15,2.992706
7.213644,7.08,3.185784
7.430241,7.33,3.407823
7.449077,7.25,3.3499
7.712758,7.76,3.562286
8.117705,8.26,3.562286
8.748662,9.29,3.832594
8.833417,9.22,3.91948
9.360785,9.72,4.276673
9.567966,9.83,4.489059
9.304281,9.87,4.34425
9.294866,10,4.276673
9.304281,10.17,4.21875
10.59445,10.99,4.662829
10.443773,11.52,4.585598
10.311933,11.05,4.373213
10.971143,11.26,4.614559
10.924056,11.15,4.460096
10.980558,11.42,4.373213
10.726294,11.52,4.44079
11.102983,12.93,4.952445
11.121819,13.09,4.991061
11.08415,13.09,5.193792
10.632121,12.64,4.846252
10.669788,12.67,4.682137
10.707458,12.8,4.701444
10.716874,12.91,4.672482
10.566198,12.8,4.604905
11.394919,13.91,5.126216
11.404338,13.27,4.91383
11.95054,13.55,5.058639
11.743361,13.33,4.9621
12.044712,13.11,4.865561
11.80928,12.69,4.904175
12.101216,13.95,5.290332
12.402571,13.93,5.396525
11.997626,13.25,5.30964
12.270728,13.26,5.444794
12.628585,13.55,5.541334
12.656837,13.13,5.271023
12.515576,13.21,5.058639
12.553247,12.88,5.03933
12.383735,12.79,4.875214
12.393154,12.83,4.691791
11.912871,12.63,4.9621
11.517345,12.23,5.126216
11.894037,12.75,5.406178
12.148302,13.72,5.753718
11.696273,13.36,5.464102
10.792214,12.36,5.299985
10.641537,12.78,5.686141
10.59445,13.07,5.724756
11.668021,15.36,6.217105
10.905221,15.36,6.091604
11.140655,15.66,6.101259
11.536179,15.95,6.574299
11.752777,15.68,6.641876
11.988211,15.49,6.564646
11.818697,14.98,6.497068
11.95054,15.33,6.690146
11.988211,15.53,6.777031
11.903455,15.58,6.844608
12.007045,15.67,6.921839
11.922289,15.66,6.834954
12.167137,17.15,7.076301
12.402571,18.030001,7.423843
12.035295,17.870001,7.414187
12.176556,18.25,7.211454
12.035295,18.059999,7.066648
11.959957,18.23,7.17284
11.80928,17.52,7.066648
12.063549,18.16,7.44315
12.524995,18.98,7.665187
12.233058,19.17,7.568649
12.082382,19.68,7.674842
11.922289,19.879999,7.626573
12.223642,20.18,7.501072
12.185973,19.49,7.327302
12.346066,19.530001,7.240417
11.837533,18.530001,6.854262
12.308394,19.43,7.018378
12.647421,19.530001,7.134224
13.005277,19.6,7.153533
13.372551,19.66,7.114917
13.655069,19.91,7.04734
13.796328,19.99,7.066648
13.768077,19.709999,6.970108
13.739825,19.549999,7.09561
13.833997,19.51,7.143879
13.579732,19.35,6.883224
13.805746,19.469999,6.834954
13.344301,18.950001,6.583953
13.947006,20.23,7.288687
13.730409,20.5,7.066648
14.060014,21.469999,7.356264
13.532645,21.48,7.230762
13.551479,22.360001,7.163185
13.551479,23.540001,7.153533
13.061779,22.83,6.902531
12.411989,21.66,6.65153
12.393154,21.780001,6.892877
11.837533,21.43,6.52603
11.63977,21.709999,6.246067
12.251895,22.99,6.400529
12.195389,22.360001,6.255721
11.507928,20.51,6.110912
11.470259,21.75,7.066648
11.404338,21.469999,7.076301
11.376086,21.6,6.825301
11.856368,22.110001,7.134224
11.074734,19.77,6.622569
11.611519,19.780001,6.690146
11.037065,17.969999,6.168836
11.018229,17.889999,6.159182
11.583266,19.43,6.709454
11.677439,19.549999,6.593606
12.760427,20.370001,7.04734
12.477908,20.110001,6.989417
12.939354,19.85,6.844608
13.1277,19.950001,6.931493
12.779262,19.370001,6.757722
12.835767,18.84,7.143879
12.157721,17.709999,6.603261
12.562665,18.530001,6.960454
12.675673,18.280001,6.796338
13.033527,18.959999,7.539688
13.042945,19.75,8.157538
13.13712,20.389999,8.4375
12.78868,20.01,8.524385
12.751012,19.35,8.340961
13.268962,21.780001,9.113272
13.447889,22.24,8.891232
12.78868,21.08,8.292693
12.364901,20.299999,8.060998
12.421405,20.83,8.283037
12.581498,21.34,8.234768
12.572081,21.950001,8.842961
12.666254,22.780001,9.586314
12.892267,22.91,9.325658
13.174789,23.74,10.097968
13.259543,23.969999,10.204161
13.363134,23.92,10.368279
12.911103,23.799999,10.07866
12.703922,23.24,9.653889
11.931705,22.1,9.142237
11.922289,22,9.248426
11.592685,21.49,9.238773
11.300747,20.91,8.842961
11.338417,20.809999,8.765733
10.650955,19.99,8.244421
11.065314,20.559999,8.311999
11.037065,20.719999,8.350616
10.387269,18.59,7.906536
10.453191,18.639999,7.800344
11.027648,20.049999,8.997425
11.08415,20.51,9.20981
10.971143,21.360001,9.20981
10.989979,21.42,8.881579
11.404338,22.440001,9.00708
11.498509,22.700001,8.958809
11.310165,21.98,8.794694
11.037065,21.35,8.640231
10.716874,21.18,8.321652
10.858135,22.200001,8.61127
10.264846,21.77,8.891232
10.792214,22.780001,9.509081
10.782796,22.959999,9.99178
11.281913,24.25,10.532393
11.027648,23.709999,10.175201
10.867552,23.780001,10.252432
11.008812,23.780001,10.291047
11.187741,23.74,10.474472
11.875202,24.17,10.27174
11.442005,23.200001,10.291047
11.168904,22.610001,9.682851
11.1124,22.299999,9.306351
11.121819,22.32,9.161542
11.479676,23.23,9.393233
11.1124,22.459999,9.383581
10.698039,21,8.814003
10.811049,21.360001,8.910541
10.87697,21.48,8.823655
10.811049,21.74,8.891232
10.698039,21.23,9.171196
10.698039,21.43,9.277389
10.151836,20.58,8.871923
9.916405,20.51,8.78504
9.859903,20.469999,8.582307
9.379621,19.73,8.447155
9.445541,19.370001,8.476115
9.454957,19.639999,8.340961
9.850484,20.450001,8.833308
9.76573,20.709999,8.563001
9.850484,21.200001,8.727118
10.057665,21.93,9.229118
10.208343,22.290001,9.316003
10.406106,22.5,9.624928
10.048247,22.27,9.20981
10.06708,22.059999,9.161542
10.010576,20.940001,8.794694
9.925826,20.84,8.48577
10.029412,21.299999,8.302345
10.52853,21.77,8.476115
10.829883,21.709999,8.601617
10.905221,22.219999,8.804348
10.52853,21.950001,8.765733
10.87697,22.42,8.891232
11.25366,23.5,9.20981
10.754546,22.639999,8.649886
10.660371,22.389999,8.524385
11.018229,22.790001,8.678844
10.726294,22.84,8.968462
10.914639,23.02,8.920193
10.914639,23.41,8.746426
10.961725,23.66,8.929849
11.310165,24.700001,8.968462
10.839301,24.1,8.804348
11.140655,24.469999,8.910541
11.093568,24.969999,8.910541
11.08415,25.719999,8.920193
10.735708,26.440001,8.756079
10.585032,26.040001,8.6885
10.754546,26.98,9.219465
10.905221,26.690001,9.460814
10.782796,25.83,9.441504
10.716874,26.15,9.364275
10.839301,26.32,9.769736
11.018229,25.690001,9.740777
12.214225,27.629999,10.464816
12.741592,27.799999,10.377933
12.411989,27.709999,10.435856
12.685089,27.709999,11.179206
12.553247,28.440001,11.324013
12.977023,29.530001,11.584669
13.071198,28.92,11.46882
13.080614,29.040001,11.381934
12.920521,28.4,11.256434
13.042945,28.610001,11.507437
13.363134,28.93,11.652245
13.353718,27.860001,11.159896
13.429053,27.860001,11.169551
13.268962,28.59,10.841317
13.052362,28.049999,10.609625
12.751012,28.040001,10.406896
12.751012,28.4,10.445508
12.675673,27.870001,10.262085
12.430821,27.469999,10.339315
12.383735,27.18,10.320008
12.440239,27.34,10.329661
12.967608,27.98,10.638586
12.958191,28.620001,10.696512
12.958191,28.68,10.79305
12.911103,27.92,10.715818
13.494977,29.209999,11.333667
13.400804,28.860001,11.295052
13.325465,28.200001,10.889588
12.882854,27.68,10.773742
13.071198,28.370001,10.870279
12.722758,28.209999,10.725471
12.835767,27.73,10.657893
12.694507,27.040001,10.764088
12.355483,25.780001,10.184855
12.336651,25.42,10.590317
12.534413,26.15,10.532393
12.261311,26.1,10.551702
12.317813,25.190001,10.14624
12.308394,24.41,10.165545
11.903455,23.860001,9.789045
11.837533,24.370001,9.77939
11.733943,24.139999,9.711813
11.799863,24.200001,9.82766
11.912871,24.309999,10.155893
11.705692,24.41,9.962814
11.517345,23.41,9.567004
11.724525,23.41,9.528389
11.752777,23.27,9.547697
11.922289,23.459999,9.789045
11.762194,24.01,9.77939
11.865786,23.82,9.663545
11.846951,25.129999,10.281392
11.799863,25.530001,10.252432
12.223642,25.35,10.715818
12.157721,25.75,10.850973
12.242476,25.950001,11.005434
11.865786,26.200001,11.073012
11.630354,25.690001,10.590317
11.781029,25.9,10.503433
11.875202,25.959999,10.513086
12.007045,25.879999,10.416547
11.018229,25.02,9.769736
10.782796,24.379999,9.682851
10.933474,24.18,9.895239
10.867552,23.75,9.489774
11.319583,24.120001,9.750427
10.952307,24.09,9.77939
11.281913,25.790001,10.426201
11.583266,26.959999,10.667548
11.140655,25.85,9.808351
10.989979,25.4,9.57666
11.102983,25.26,9.567004
10.688623,24.76,9.190503
10.858135,25.629999,9.258081
10.735708,25.65,8.920193
10.87697,26.42,9.383581
11.168904,26.75,9.538044
11.055898,26.620001,9.538044
11.008812,26.559999,9.509081
11.206574,27.290001,9.77939
11.131235,26.940001,9.624928
11.206574,27.190001,9.731121
11.131235,27.48,9.750427
10.971143,27.450001,9.57666
10.829883,26.92,9.383581
10.114168,24.440001,8.85262
10.377853,22.780001,8.196154
10.481444,24.110001,8.138229
10.472027,23.950001,8.273383
10.585032,24.040001,8.311999
9.991744,23.02,7.674842
9.558548,22.51,7.694149
9.66214,23.030001,8.070652
9.332535,22.26,7.99342
9.502045,23.309999,8.012729
10.42494,24.780001,8.958809
10.246012,24.33,8.620923
10.52853,24.950001,8.775384
10.575615,24.73,8.862273
10.330767,23.99,8.563001
10.06708,23.610001,8.61127
9.605635,22.83,8.254077
9.285447,22.17,8.196154
9.643303,23.370001,8.649886
9.577383,23.969999,8.85262
9.41729,23.450001,8.591962
9.332535,23.120001,8.427845
9.426707,23.49,8.553347
9.228945,23.51,8.70781
9.332535,23.450001,8.70781
9.219527,22.870001,8.563001
9.360785,23.84,8.659539
9.228945,22.99,8.408539
9.24778,22.940001,8.476115
9.257194,22.75,8.4375
9.134771,21.75,8.157538
9.031179,21.23,8.109267
8.86167,21,7.954804
8.51323,19.790001,7.665187
8.880504,20.52,7.954804
9.323117,21.709999,8.157538
9.021761,21.370001,7.974113
8.805165,20.879999,7.781035
8.710995,21.02,7.809997
8.607402,21.219999,8.04169
8.597986,21.58,7.964458
8.54148,21.030001,7.858266
8.522648,20.84,7.848614
8.475561,22.030001,7.99342
9.407872,22.58,8.495422
9.464375,22.780001,8.447155
9.483211,22.110001,8.466462
9.775146,22.82,8.775384
9.850484,23.52,8.746426
9.906991,23.879999,8.900885
9.859903,24.389999,8.978119
10.566198,25.790001,9.480121
10.556782,25.65,9.354617
10.180089,25.35,8.997425
10.170672,25.77,9.171196
10.415523,25.879999,9.644236
10.236593,25.49,9.287042
10.029412,25.58,9.084311
10.359017,26.15,9.595967
10.368438,26.370001,9.460814
10.293097,25.93,9.335311
10.716874,26.68,9.962814
10.839301,26.5,9.818006
10.575615,26.25,9.653889
10.443773,25.709999,9.402888
9.878736,25.08,8.949157
9.586802,24.639999,8.929849
9.41729,24.26,8.804348
9.492628,24.15,8.78504
9.115935,23.309999,8.727118
9.059436,23.040001,8.794694
9.059436,22.73,8.582307
8.786331,21.99,8.254077
8.72041,21.9,8.263729
8.607402,21.9,7.974113
8.645073,21.91,7.761728
8.68274,21.870001,7.819651
8.72041,22.370001,7.925843
8.946424,22.48,7.887228
8.786331,22.67,7.94515
8.85225,22.719999,7.94515
9.021761,24.040001,8.109267
9.125353,24.290001,8.302345
9.238361,24.52,8.350616
9.031179,23.98,8.186499
9.360785,25.139999,8.601617
8.880504,22.99,8.389231
9.0971,23.280001,8.833308
8.842834,23.280001,8.814003
8.663908,22.91,8.543693
8.635655,22.629999,8.601617
8.748662,23.030001,8.630577
8.588568,22.639999,8.157538
8.597986,22.360001,8.051345
8.86167,22.52,8.099614
8.805165,22.860001,7.925843
8.475561,22.370001,7.781035
8.108287,21.700001,7.674842
8.193041,21.700001,7.626573
8.014114,21.200001,7.375572
7.91994,20.85,7.182494
7.590337,20.450001,6.786685
7.778682,20.629999,6.767377
7.665675,20.280001,6.661185
7.693926,20.34,6.661185
7.628006,19.950001,6.564646
7.40199,18.93,6.275029
7.552667,18.76,6.168836
7.166557,18.059999,5.966105
7.185392,17.16,5.773026
7.430241,18.120001,6.024026
7.345487,17.99,5.753718
6.997046,17.129999,5.328947
7.110054,18.129999,5.695795
6.610937,17.02,5.43514
6.56385,16.82,5.328947
6.234246,16.610001,4.797984
6.667442,18.459999,5.589603
6.290749,17,5.13587
6.56385,17.82,5.290332
6.56385,17.620001,5.3386
6.893456,18.26,5.676488
7.213644,18.950001,5.763371
7.345487,18.959999,5.493064
6.959378,18.030001,5.164831
6.789866,17.27,4.9621
6.799282,16.75,4.933139
6.836952,17.42,5.145524
6.827535,17.52,5.116561
6.432008,17.01,4.904175
6.705109,17.92,5.077947
7.062967,18.59,5.357909
7.166557,18.75,5.328947
7.091219,18.59,5.396525
6.987628,18.41,5.106907
6.846369,18.07,5.03933
6.714527,17.639999,4.865561
7.034715,18.540001,5.029676
6.884038,17.940001,4.9621
6.761614,17.73,4.846252
6.949961,17.959999,4.682137
7.524415,19.280001,5.444794
7.901106,20.129999,5.541334
7.967026,20.33,5.657179
7.910522,20.459999,5.705449
7.825767,20.76,5.599256
7.882272,20.77,5.763371
7.533832,19.83,5.647526
7.138306,19.24,5.531678
7.693926,20.459999,5.917835
7.81635,21.43,6.207451
7.665675,20.43,5.898527
7.637421,20.76,5.90818
7.486746,20.52,5.888872
7.062967,19.379999,5.30964
6.262497,17.110001,4.469751
6.865204,17.940001,4.826944
6.997046,19.01,4.991061
7.326651,19.52,5.164831
7.345487,18.879999,5.029676
7.580918,19.32,5.145524
7.731596,19.77,5.637873
7.929357,20.200001,6.014374
8.174208,20.93,6.081951
8.070618,20.780001,5.830949
7.910522,20.280001,5.647526
8.202457,20.52,5.811642
8.004695,20.08,5.560641
8.193041,20.719999,5.801989
8.155372,20.43,5.666833
8.381389,21.08,5.744064
7.948194,20.01,5.406178
8.0612,20.34,5.464102
8.136537,20.110001,5.628217
8.014114,19.4,5.73441
8.023529,19.32,5.570295
7.844603,18.9,5.30964
7.769264,18.809999,5.097255
7.81635,18.85,5.415832
7.863437,18.719999,5.30964
7.825767,18.74,5.203448
7.722176,18.200001,5.029676
7.533832,17.85,4.875214
7.175975,17.309999,4.682137
7.486746,18.02,4.836598
7.590337,18.219999,4.807637
7.533832,17.9,4.614559
7.138306,16.9,4.34425
6.855788,16.549999,4.247711
6.931125,16.59,4.26702
6.789866,16.190001,4.102903
6.855788,16.02,3.909826
6.705109,15.53,3.861556
6.705109,15.9,3.880864
6.997046,16.58,4.122211
7.345487,17.629999,4.305635
7.646838,17.969999,4.556636
8.023529,19.120001,4.769022
7.91994,19.26,4.672482
8.108287,19.84,4.942792
7.976446,20.129999,5.068292
8.0612,20.690001,5.396525
7.703343,19.709999,5.155178
8.004695,20.620001,5.425487
8.004695,20.780001,5.43514
7.524415,19.559999,5.01037
7.675091,19.83,5.396525
8.089453,20.639999,5.512372
8.494396,21.24,5.966105
8.014114,20.299999,5.628217
8.127122,20.67,5.73441
7.976446,20.299999,5.570295
7.872852,20.26,5.502717
7.844603,19.85,5.425487
7.703343,19.200001,5.2131
7.646838,18.950001,5.01037
7.618588,18.84,5.048984
7.618588,18.870001,4.894523
7.571501,18.9,4.942792
7.54325,18.52,4.855906
7.844603,18.389999,5.280677
7.835184,18.209999,5.406178
7.797516,17.93,5.522025
7.7881,17.48,5.522025
8.108287,18.01,5.705449
8.353135,18.530001,5.840605
8.334303,18.43,5.763371
8.221292,18.23,5.676488
8.400223,18.25,5.830949
8.786331,19.15,6.043335
8.86167,19.33,6.149528
8.748662,18.940001,6.043335
8.833417,19.4,6.188143
9.379621,20.41,7.259726
9.577383,21.700001,7.578303
9.784563,23.09,7.896884
10.142423,22.99,8.225115
9.935242,23.1,8.147883
10.264846,23.209999,8.591962
10.453191,24.09,8.804348
10.641537,24.969999,9.306351
10.349601,24.23,8.833308
10.330767,24.26,8.920193
10.349601,23.879999,8.78504
10.472027,24,8.649886
10.255429,23.75,8.543693
10.500277,23.969999,8.862273
10.302513,23.57,8.6885
10.198924,23.16,8.582307
10.293097,23.68,8.78504
10.198924,23.370001,8.591962
9.464375,21.24,7.616919
9.351369,20.940001,7.433495
9.125353,20.639999,7.008724
8.974675,20.41,6.748068
9.0971,20.07,6.757722
9.323117,20.58,7.153533
9.238361,20.65,7.153533
9.078266,20.41,7.153533
9.200694,20.940001,7.365917
9.106519,20.469999,6.748068
8.814584,19.879999,6.641876
8.824,19.790001,6.670838
8.918172,19.959999,6.719107
8.824,19.82,6.786685
8.654489,19.620001,6.65153
8.767498,19.83,6.719107
8.75808,19.42,6.844608
9.068848,20.389999,7.317649
8.673325,19.950001,6.902531
8.767498,20.620001,6.941147
8.974675,21.02,7.414187
9.172441,20.559999,7.365917
8.974675,19.940001,7.076301
9.059436,20.549999,7.288687
9.304281,20.969999,7.462457
9.238361,20.93,7.298341
9.41729,21.889999,7.52038
9.483211,22.34,7.616919
9.341952,21.5,7.327302
9.426707,21.49,7.211454
9.718642,22.01,7.472111
9.869319,21.43,7.587958
9.76573,21.4,7.510726
9.690391,21.08,7.481766
9.238361,20.58,7.211454
9.332535,21.040001,7.356264
9.66214,21.52,7.616919
9.539712,21.440001,7.568649
9.65272,22.299999,7.848614
9.831652,22.67,7.896884
9.916405,22.700001,7.916189
10.189507,23.34,9.180851
10.123588,22.91,9.016734
9.784563,22.85,8.717463
9.869319,22.82,8.987773
9.869319,22.969999,9.267736
9.793981,22.120001,9.460814
10.189507,22.17,9.95316
10.321349,21.92,9.90489
10.406106,21.91,9.808351
10.236593,21.66,9.90489
10.321349,21.57,10.339315
10.359017,22.280001,10.329661
10.519114,23.59,10.715818
10.519114,23.9,10.638586
10.274263,23.469999,10.416547
10.387269,23.76,10.551702
10.707458,24.110001,10.928204
10.763962,24,10.850973
10.519114,23.690001,10.74478
10.726294,23.66,10.74478
9.803395,21.9,9.837314
9.549133,20.93,9.711813
9.963493,21.92,10.339315
9.925826,21.83,10.252432
10.114168,22.309999,10.61928
10.613286,23.530001,11.739132
10.707458,23.57,11.874287
11.1124,23.879999,12.183208
11.065314,24.17,12.250788
11.394919,25.17,12.762442
10.839301,24.360001,12.202518
9.586802,22.52,10.79305
9.963493,23.280001,11.217818
9.991744,23.530001,11.372282
9.680972,22.92,10.889588
9.775146,23.49,11.729475
9.577383,22.049999,10.966817
9.454957,22.040001,11.034396
9.690391,22.799999,11.555708
9.841066,22.83,12.048053
9.66214,22.32,11.613629
10.010576,23.02,12.067362
10.274263,23.709999,12.260441
10.556782,24.540001,12.579019
10.575615,24.18,13.003791
10.396688,24.25,12.714174
9.906991,23.65,12.212171
10.490861,23.83,12.43421
10.42494,23.969999,12.849328
10.509696,24.25,12.936213
10.311933,24.33,12.868636
10.472027,24.82,13.081022
10.133005,24.08,12.75279
10.010576,23.610001,13.003791
10.359017,24.24,13.389946
10.274263,23.9,13.023097
10.095336,23.860001,13.428559
10.443773,24.790001,13.631292
10.123588,23.780001,13.486485
10.189507,24.139999,13.949868
10.330767,24.23,13.602331
10.170672,23.6,13.583024
9.633885,22.84,12.955521
9.41729,22.049999,12.067362
9.360785,21.549999,11.594321
9.0971,21.549999,11.661898
8.786331,20.379999,11.188858
8.918172,20.41,10.764088
8.86167,19.200001,10.802703
8.871085,19.059999,10.957164
8.918172,19.030001,10.899241
9.087683,18.889999,11.063356
8.927588,18.17,10.455162
8.692158,18.16,10.310356
8.748662,18.26,10.513086
8.824,18.48,10.435856
8.776915,18.42,9.595967
8.842834,18.32,10.040045
8.54148,17.889999,9.702161
8.532064,17.780001,9.721467
8.72041,18.190001,9.769736
8.739244,18.049999,9.769736
8.72041,18.200001,9.798699
8.503815,18.290001,9.567004
8.597986,18.4,9.731121
8.908754,19.450001,10.223468
9.144189,19.57,11.024745
8.974675,19.35,11.208166
8.616821,19.290001,10.657893
8.57915,19.27,10.725471
8.532064,19.02,10.657893
8.193041,18.52,10.435856
8.108287,18.33,10.088315
8.051784,18.32,10.040045
8.145955,18.450001,10.291047
8.0612,18.1,10.088315
8.362552,19.07,10.831664
8.663908,19.57,11.024745
8.739244,19.700001,11.719823
8.833417,20.059999,11.584669
8.739244,19.799999,11.217818
8.946424,20.309999,11.410898
8.899338,20.09,10.860626
8.729829,20.059999,10.165545
8.692158,19.73,10.19451
8.437892,19.27,9.95316
8.824,20.690001,10.590317
8.616821,20.26,10.310356
8.54148,20.02,10.300702
8.597986,20.200001,10.14624
8.494396,19.83,9.9242
8.626237,20.16,10.136584
8.692158,19.360001,10.00143
8.626237,19.5,10.097968
8.918172,19.790001,10.377933
9.200694,19.940001,10.503433
9.567966,21.139999,11.372282
9.549133,20.809999,11.266089
9.680972,21.07,11.256434
9.539712,20.9,11.169551
9.3137,20.49,10.908897
9.266612,20.18,10.947512
9.181858,19.91,10.783395
9.436126,20,10.966817
9.520879,20.4,11.024745
9.407872,20.35,11.179206
9.596218,20.620001,11.217818
9.615051,20.59,11.314359
9.41729,20.129999,11.073012
9.549133,20.48,11.507437
9.558548,20.49,11.671551
9.454957,20.27,11.941861
9.078266,19.26,11.555708
9.078266,19.219999,11.507437
9.068848,19.209999,11.758438
9.134771,19.48,12.115633
9.134771,19.73,12.096324
9.200694,20.25,12.202518
9.454957,20.469999,12.231477
9.360785,20.530001,12.154249
9.690391,21.23,12.569366
9.596218,21.049999,12.173553
9.699809,21.040001,11.864632
9.615051,20.940001,12.154249
9.002929,19.98,11.594321
8.937007,19.51,11.642592
8.786331,19.5,11.352976
8.993512,19.700001,11.652245
9.115935,19.77,12.057711
9.153607,19.92,12.038401
9.266612,20.1,12.067362
9.228945,20.18,12.472826
9.24778,20.139999,12.279748
9.41729,20.18,12.521095
9.464375,20.17,12.550057
9.41729,20.219999,12.443863
9.059436,19.82,12.221825
9.163022,19.85,11.951515
9.144189,19.889999,11.690861
9.436126,20.51,12.173553
9.520879,20.51,12.328018
9.549133,20.889999,12.337671
10.038831,21.709999,12.43421
10.095336,21.41,12.260441
10.632121,23.059999,12.521095
10.566198,23.01,12.385942
10.575615,23.35,12.347326
10.858135,23.57,12.501785
11.140655,23.959999,13.013442
11.244242,24.110001,13.071368
11.168904,24.190001,12.974829
11.093568,23.870001,12.868636
10.971143,23.68,12.772096
10.895805,23.190001,12.646597
10.829883,23.040001,12.347326
11.178323,23.379999,13.032752
11.517345,24.190001,13.496137
11.846951,24.93,13.187213
12.223642,25.85,14.220179
12.233058,25.67,14.32637
12.223642,25.620001,14.635298
12.346066,25.639999,14.606335
12.524995,25.389999,14.615988
12.572081,25.99,14.268449
12.656837,25.99,14.162257
12.835767,25.959999,13.814718
13.108867,26.200001,14.123642
13.024114,25.76,13.978834
12.816931,24.790001,13.940216
13.193625,25.200001,14.336026
12.977023,25,14.548411
13.118286,25.540001,14.162257
13.344301,25.5,14.451873
13.1277,24.799999,14.509798
12.882854,23.959999,13.920909
13.033527,24.08,13.805062
13.080614,24.15,13.785754
13.014692,24.18,13.631292
13.052362,23.950001,13.505792
13.118286,24.26,13.602331
13.626818,25.32,14.056065
13.994092,25.719999,14.587029
13.768077,26.309999,14.239489
13.833997,26.51,13.959526
13.655069,25.889999,13.776103
13.918756,26.190001,14.152602
13.410218,25.870001,13.505792
13.607983,26.370001,13.998141
13.466724,26.75,13.766447
13.014692,26.08,12.868636
12.769847,25.91,12.907251
12.948772,26.360001,13.100329
13.203041,26.290001,12.569366
13.090033,25.98,12.801058
13.438473,26.959999,12.945868
13.438473,26.709999,12.965175
13.956424,27.379999,13.138944
14.738058,28.82,13.418908
14.935821,29.549999,13.563716
14.756893,29.299999,14.065718
14.973492,29.610001,14.307065
15.293676,31.35,14.403604
15.284261,30.610001,14.606335
15.095915,29.950001,14.963531
15.406687,30.84,15.35934
15.33135,31.17,15.687572
15.067664,30.940001,15.426916
15.32193,31.200001,15.726186
15.5762,31.799999,16.199228
16.075312,32.5,16.63365
15.858714,32.299999,16.411612
15.736289,31.870001,16.276459
15.359598,31.9,16.025457
15.585613,31.790001,15.938571
15.623285,32.330002,16.073727
15.547944,32.009998,16.382652
15.303094,30.969999,16.093035
14.06943,29.379999,15.195222
13.711576,28.66,14.992492
13.890504,29.299999,15.146953
13.551479,29.27,15.175916
14.060014,30.049999,15.291762
13.937589,29.290001,15.156607
14.361366,29.83,15.233838
14.643885,30.27,15.629648
14.577964,30.280001,15.581377
14.041179,29.09,15.050413
14.945238,30.860001,15.803417
14.625052,30.91,15.948226
14.267195,30.23,15.542763
14.370784,30.6,15.465532
14.257777,30.15,14.982838
15.745705,31.1,15.73584
15.510273,31.389999,15.88065
15.340766,30.889999,15.658608
15.830464,31.139999,16.015806
15.962307,32,16.228189
16.141235,32.299999,16.315077
15.858714,32.009998,16.025457
16.47084,32.599998,16.353687
16.913452,33.009998,16.430922
17.007629,33.549999,16.411612
17.026461,33.380001,16.392307
17.572662,33.279999,16.739845
16.668606,32.560001,16.778461
17.073545,32.880001,17.145309
16.847532,32.919998,17.106693
17.18656,33.290001,17.473539
17.855177,34.419998,18.158966
17.553829,34.5,18.458237
17.459658,34.75,18.352043
17.290146,34.290001,17.946581
17.073545,33.349998,17.328733
17.12063,33.240002,17.309425
17.412569,34.360001,17.560427
17.826929,34.369999,17.579731
17.629168,33.830002,17.492851
17.026461,33,17.212887
17.045296,32.639999,17.058422
16.960543,32.459999,16.961887
16.77219,32.16,17.116343
17.035879,32.200001,17.039116
16.536757,31.24,16.363344
16.47084,30.67,16.064075
17.308977,32.939999,16.430922
17.506739,33.279999,16.662613
17.440821,32.450001,16.334377
17.01704,32.040001,16.295767
17.619747,32.66,16.421268
17.751591,32.669998,16.344034
17.723341,32.09,16.363344
17.864597,32.419998,16.623999
17.600918,31.82,16.469536
17.337233,31.16,16.150959
17.214804,30.059999,15.774455
16.348415,29.48,15.571727
17.092381,30.75,15.890301
17.337233,30.73,15.610339
17.600918,31.360001,15.745495
17.619747,31.290001,15.851686
18.231871,32.540001,16.218534
17.883432,31.49,15.861341
17.337233,31.23,16.170267
17.892847,31.799999,16.257151
17.921101,31.5,16.353687
18.203617,32,16.759153
17.610331,30.75,16.575731
17.761007,30.84,16.76881
18.165955,31.440001,16.95223
18.307215,32.009998,17.145309
18.165955,31.16,17.328733
18.759241,33.689999,17.81143
19.361944,34.490002,17.782465
19.107681,34.509998,17.599045
19.18302,35,17.521809
19.258358,34.560001,17.425272
19.587961,34.970001,17.859697
20.228336,34.299999,18.178274
20.623865,36.25,18.429274
20.077662,34.849998,18.564426
19.955238,34.970001,18.535473
19.992903,34.849998,18.680275
20.76512,35.310001,18.709234
20.670952,35.650002,18.265162
20.444933,34.889999,18.506508
19.757473,33.57,18.265162
19.814137,34.060001,18.21689
19.889692,34.810001,18.323084
19.426926,33.709999,17.956238
19.870804,33.209999,18.168621
18.463606,30.73,15.793768
17.981943,30.040001,15.610339
18.444715,30.1,15.175916
18.728046,30.860001,15.455876
18.066938,30.030001,15.098683
18.12361,30.059999,15.253146
18.473049,29.73,15.262801
19.124704,30.110001,15.706881
19.001932,29.719999,15.600687
19.143597,29.860001,15.648956
18.048058,27.709999,14.934566
18.066938,27.93,14.809068
18.548603,28.5,15.40761
18.6336,28.459999,15.600687
18.73749,28.65,15.822725
19.181374,29.33,16.228189
19.124704,29.700001,16.401962
18.784712,29.719999,16.218534
20.550797,31.030001,16.865343
21.37245,33.299999,17.492851
21.174116,32.66,17.106693
20.938009,31.690001,17.019806
21.221338,32.200001,17.251499
21.863552,32.66,17.444582
22.024107,32.950001,18.072083
22.014656,33.279999,18.033468
22.146883,33.790001,18.313429
22.005215,33.5,18.236197
22.024107,33.18,18.207237
22.439655,33.889999,18.332737
22.486877,34.130001,18.516163
22.675766,34.07,18.796122
22.26021,30.91,18.419621
22.279104,30.709999,18.303772
22.864649,31.379999,19.008509
22.90243,30.93,19.15332
23.176308,31.65,19.771168
23.790192,31.74,19.819439
23.469086,30.969999,19.684282
22.883537,30.24,19.327089
22.90243,30.08,19.365702
23.147976,30.120001,19.790478
23.04409,30.120001,20.002859
22.770203,29.92,19.867702
22.685207,29.65,19.790478
23.062983,29.950001,19.906321
23.41242,31.15,20.273169
23.620197,30.92,20.408321
23.31797,30.57,20.485556
24.073515,31.18,21.190287
24.186853,30.950001,20.659323
24.857393,31.299999,21.885366
24.84795,31.17,21.383364
24.687397,32.119999,21.248211
24.885733,33.91,21.595753
25.008505,33.91,21.798483
24.914055,33.950001,21.209591
25.21628,35.540001,21.663328
25.973526,35.849998,21.923985
25.992456,35.52,21.895023
25.443453,34.490002,21.624712
25.254141,33.990002,21.315786
25.452919,35.360001,22.406677
26.001925,35.310001,22.464602
26.617182,36.790001,22.705952
26.304821,36.02,22.503218
26.446806,36.5,22.841106
26.617182,36.73,23.063141
26.617182,36.380001,23.555489
26.361614,37.799999,23.39138
26.229097,37.27,23.227259
26.54146,37.110001,23.159681
27.071531,38.540001,23.429989
27.611069,39.830002,23.40103
27.48802,39.049999,22.985914
27.771978,39.43,23.150028
27.431219,39.25,22.667334
27.450155,38.560001,22.242563
26.550924,37.169998,21.615061
26.134441,37.57,21.113062
26.446806,36.790001,21.576441
26.721304,36.740002,21.76952
27.336569,37.549999,23.748573
27.232443,37.639999,24.018877
26.181765,36.580002,25.09046
26.702377,37.619999,24.569151
26.853825,38.529999,25.322151
26.427874,38.470001,25.689003
25.500246,37.310001,25.19665
25.661161,37.290001,25.322151
26.039783,37.27,25.215961
26.077644,37.389999,25.418692
26.096577,36.98,25.273884
26.35215,37.599998,25.341463
26.390011,38.07,25.225613
25.585438,36.779999,24.076801
25.736887,37.299999,23.922344
26.001925,37.830002,24.376072
26.219633,37.73,24.482264
27.667864,39.950001,25.621426
27.724655,39.360001,26.094465
27.241913,38.689999,25.978621
28.207397,41.02,26.673697
29.400061,43.799999,28.401741
29.788151,45.080002,28.334166
29.267544,44.599998,27.658394
30.299284,46.75,27.870777
29.816547,46.5,27.841818
29.892273,47.209999,28.324514
29.409523,47.07,28.98098
30.365551,47.91,29.598827
31.084932,49.18,30.120132
30.763113,48.43,30.264946
29.44739,46.130001,29.347824
28.955177,45.27,29.135443
29.248611,46.029999,30.853832
28.320986,45.43,31.838524
28.945715,46.43,32.630154
28.97411,45.84,32.388798
27.809843,43.82,32.784615
28.339918,43.970001,32.871502
28.415644,43.610001,32.630154
29.239145,45.029999,33.460381
29.958525,45.540001,34.435417
29.542044,45.110001,34.348541
29.731356,44.009998,33.914112
29.46632,44.490002,33.489342
29.674566,45.099998,33.817574
29.665098,44.5,33.219032
29.267544,43.66,33.122509
28.992512,43.279999,33.392799
30.196972,45.689999,34.425774
30.121098,45.599998,34.918118
30.775496,46.099998,35.381512
31.524736,47.259998,35.719395
31.780798,46.810001,35.47805
31.600594,46.509998,35.294621
31.496271,44.959999,35.651817
30.908274,44.009998,34.850544
32.672291,45.240002,36.04763
32.928356,47.099998,36.549629
33.544811,47.98,37.466747
33.535332,47.75,37.669483
33.355129,46.66,37.611553
33.118027,46.200001,36.762012
32.719711,45.939999,36.260006
31.847187,44.93,35.468395
32.359318,44.400002,35.08223
32.435192,45.639999,36.395161
32.311893,45.220001,36.057285
31.989437,44.669998,35.796627
31.904081,45.23,35.294621
31.041048,44.330002,34.860191
31.600594,44.450001,35.526318
32.653324,45.200001,36.588242
32.207581,44.130001,35.429779
32.368805,43.889999,34.531963
31.799765,42.959999,34.165123
32.861973,44.630001,35.333233
33.905205,46.900002,36.626858
33.857784,47.23,36.404819
33.544811,46.450001,36.04763
32.824036,44.880001,35.294621
32.236034,44.349998,34.541615
31.780798,43.310001,34.734692
32.937836,44.52,35.62286
31.306595,42.279999,34.068573
30.841883,41.490002,32.514301
30.092646,41.119999,32.215027
30.263363,41.98,32.552917
31.88512,43.939999,34.28096
32.017891,43.549999,34.17477
32.188599,43.779999,34.435417
33.146488,45.810001,34.90847
35.176056,46.060001,35.806278
34.834637,41.529999,35.970394
34.208691,39.41,34.754002
33.99057,39.200001,33.943081
34.844124,41.560001,34.28096
34.92947,40.869999,33.85619
35.20451,40.919998,35.130508
35.308834,40.720001,35.227055
35.61232,40.52,35.333233
35.745094,40.09,35.40081
36.324547,39.900002,35.931778
35.811584,40.369999,36.926125
35.783089,40.16,36.935783
36.714008,41.580002,38.026676
36.83749,42.139999,37.949444
36.51453,41.889999,37.495712
36.220043,40.799999,36.868206
35.963581,40.509998,37.196434
36.467026,41.240002,37.23505
35.935081,40.380001,36.916473
36.419525,41.32,36.993706
36.695015,42,37.37986
37.19846,43.57,37.756363
37.483425,43.490002,37.988052
38.252861,44.889999,38.422482
38.129375,44.599998,38.441788
37.910892,44.369999,38.77002
38.727814,46.700001,39.793331
39.088783,47.509998,40.005718
40.057682,46.869999,41.337955
39.421246,47,40.94215
40.114685,48.049999,42.361267
39.772701,46.380001,42.081303
39.820206,47.759998,42.14888
38.670822,45.259998,40.826302
36.571518,42.599998,38.808643
37.274452,42.779999,38.98241
36.894485,42.529999,39.638878
37.511932,43.919998,40.420834
37.758907,43.759998,41.183498
37.63541,43.630001,41.569653
37.587921,43.66,43.008076
37.112968,43.150002,42.824661
36.638016,41.790001,41.685501
37.378933,41.810001,42.390232
37.331451,41.509998,43.008076
37.359951,41.490002,42.477119
36.780502,41.07,41.473118
38.290859,42.259998,42.341969
36.324547,39.27,40.498077
36.666515,39.880001,40.179493
35.051666,38.619999,38.712093
34.614704,39.540001,38.866554
35.108658,40.07,40.536682
35.574116,45.169998,41.337955
35.365131,45.700001,41.395882
35.507622,44.919998,41.492413
36.125057,45.220001,42.187504
35.97308,44.900002,41.975109
34.738186,43.349998,40.256725
35.317635,44.25,41.434494
35.28915,43.790001,41.009727
35.792603,44.82,40.913189
37.188961,46,41.830315
36.163063,44.919998,40.700806
36.153553,46.779999,40.237408
36.277046,46.549999,38.895527
35.792603,45.84,38.161823
35.944576,46.970001,38.181129
35.583614,46.389999,37.60043
35.697601,46.73,38.161774
35.412628,45.5,36.913261
34.415222,43.939999,35.98415
34.300945,43.889999,36.255138
33.910526,43.259998,35.674442
34.510456,42.950001,35.98415
34.938972,43.119999,36.748745
34.767559,42.799999,36.313213
35.491295,44.110001,36.893917
36.567371,45.919998,38.297279
36.691158,46.009998,37.929504
37.624386,47.84,39.352219
37.652969,47.68,39.129612
38.586197,49.25,39.294144
38.005299,48.009998,38.239208
38.481438,48.459999,38.568275
38.586197,48.509998,38.1521
37.995781,48.220001,37.832722
38.24337,48.220001,37.735924
37.986256,48.32,37.910141
37.691051,47.610001,37.629471
38.976624,49.990002,39.197365
36.967323,49.029999,37.8811
37.414894,50.419998,37.232655
37.348232,50.73,36.632587
37.17683,51.130001,37.00037
36.967323,50.84,36.739059
37.662479,51.740002,37.339119
37.672005,51.029999,36.864887
37.795803,50.41,36.43903
37.329185,49.560001,35.877678
37.633919,49.540001,36.758411
37.081589,48.93,36.255138
37.557732,49.900002,36.826164
36.795914,49.380001,35.451836
36.138836,47.790001,34.435608
35.90078,48.25,34.193645
35.862671,48.200001,34.958244
34.910412,47.009998,34.077507
34.777084,47.330002,34.774353
34.281902,46.75,33.903301
34.424744,46.790001,34.338825
33.234406,45.470001,33.283878
33.596268,46.130001,32.838688
35.186565,48.279999,35.064709
34.38665,46.939999,33.806515
33.58675,45.490002,32.993534
33.148701,43.830002,31.938591
32.101192,45.040001,30.951401
31.339373,43.740002,29.789993
29.425303,40.549999,27.660755
31.225101,43.169998,30.496515
30.834675,42.549999,30.670727
31.729807,43.77,31.909559
32.748741,44.68,32.306374
34.319988,47.290001,34.0872
35.691277,49.509998,36.632587
35.519855,49.060001,35.848652
36.110271,49.419998,37.242336
37.557732,49.619999,38.539227
37.852936,51.73,38.626335
37.938644,52.360001,38.945732
37.691051,52.259998,38.655373
37.272045,51.740002,39.101696
38.310024,52.810001,40.120476
38.671894,54.279999,40.751144
40.300282,55.209999,41.430332
39.956734,54.110001,40.993713
40.939667,55.66,41.857254
40.739265,54.18,41.915459
41.388195,54.830002,42.52673
41.836716,54.66,42.148327
41.416828,54.599998,42.138622
42.065746,56.759998,42.808105
41.750832,56.099998,42.701378
41.445446,55.990002,42.3909
42.743301,58.290001,43.710461
42.418842,57.540001,42.788704
41.951221,56.389999,42.84692
41.120991,55.330002,42.022194
41.521793,55.91,41.925167
42.065746,56.25,42.837227
42.218437,56.599998,43.632839
44.537399,61.23,47.086975
43.535378,59.57,46.456306
42.628788,59.380001,46.436897
42.705135,59.290001,46.805599
44.29882,61.75,48.173687
45.119522,63.029999,49.493233
45.176777,64.25,49.308887
44.212936,62.52,46.873524
44.107964,63.689999,47.484791
46.121544,65.800003,49.027508
45.501247,64.099998,48.484158
45.615757,64.040001,49.328293
43.306351,61.630001,46.533932
44.060242,62.849998,47.348949
44.632828,64.25,48.649109
45.214951,64.139999,49.202164
45.24358,64,49.328293
44.976383,62.48,48.717026
45.854336,64.93,49.900749
46.178795,65.279999,50.414993
46.550972,65.220001,51.278526
46.980419,66.050003,51.831577
46.942242,66.889999,52.035336
46.932705,66.339996,52.307014
46.150173,66.150002,52.277905
45.062263,64.580002,51.462879
44.823689,65.529999,51.433765
45.987934,66.639999,52.064442
44.737797,65.339996,50.473206
43.955269,65.919998,48.105759
44.480137,66.410004,48.901371
43.23954,64.050003,47.940811
42.991421,63.830002,47.940811
43.745327,65.75,48.328918
46.923153,68.029999,51.181499
46.932705,69.209999,52.074139
48.383244,72.339996,53.937054
48.249641,73.099998,54.034077
47.858379,73.620003,53.80122
46.932705,71.800003,51.132988
46.245594,70.769997,49.114838
47.915627,73.529999,50.686668
45.148155,69.370003,47.620628
44.384708,69.379997,47.271336
43.907551,67.970001,46.087601
44.814144,71.699997,47.989323
44.031616,69.599998,47.454601
43.430401,67.580002,46.812931
42.418842,64.57,45.237911
43.249084,67.629997,46.715706
42.924622,67.120003,46.268478
42.762398,67.339996,46.550426
42.466553,66.230003,47.046268
42.714668,64.93,46.676815
43.288414,66.720001,47.940712
43.909958,66.089996,48.397659
45.363419,68.010002,49.603237
45.124374,68.839996,49.885185
45.927601,70.889999,50.089348
44.789688,68.690002,48.349052
43.909958,67.419998,47.979599
42.571236,65.18,46.56987
43.403156,66.809998,46.968487
43.776081,69,47.415714
43.17366,68.669998,47.590714
42.44693,67.919998,47.055984
41.863628,66.669998,46.667091
42.619049,66.150002,46.589317
41.519386,64.610001,45.442081
42.093124,65.970001,46.074036
43.345783,67.739998,47.328209
43.508347,67.57,47.853218
44.139454,67.919998,48.825447
44.608002,69.089996,52.199085
43.804775,68.099998,52.626865
45.191296,70.089996,53.657436
45.344296,69.449997,54.211605
44.541073,67.610001,52.889374
44.015144,67.629997,52.432426
42.571236,65.559998,50.565742
42.160061,64.970001,49.846294
42.915485,67.75,51.197689
43.565716,68.190002,52.150478
42.991982,67.25,51.314358
41.36639,64.010002,49.039337
40.400604,61.880001,47.814331
39.932053,60.119999,46.744869
39.817307,59.57,46.180977
41.395088,60.549999,47.386547
41.251644,61.16,46.511536
41.3377,61.049999,46.404591
41.184711,61.009998,46.462925
41.194275,60.25,46.103195
42.265247,60.990002,46.424034
43.020657,62.200001,46.900429
42.800728,61.490002,46.851814
43.728275,62.400002,48.37822
44.206383,63.700001,49.933784
44.493259,64.019997,49.972679
44.39764,62.799999,50.02129
44.923565,63.509998,51.246311
44.416763,61.98,50.429623
44.177696,61.419998,49.768517
43.058918,59.869999,47.522659
42.685982,59.740002,47.045288
43.661339,61.400002,48.116928
43.307541,60.919998,47.688278
41.978382,59.23,45.798275
42.21793,59.439999,45.837242
43.463573,62.52,47.795437
44.239708,62.439999,47.775955
44.852951,62.950001,48.370232
44.172638,61.860001,47.590851
44.824207,61.23,47.240131
45.418289,61.75,47.561626
45.035011,61.599998,47.415493
45.389538,62.25,47.736988
44.278038,60.810001,46.616627
41.796322,54.540001,41.950096
41.920887,54.130001,41.375301
41.374714,53.689999,41.511692
40.100319,51.919998,40.488754
40.751892,53.700001,41.15123
40.483597,53.490002,40.888184
41.125584,54.59,41.277874
42.495796,56.310001,43.041225
41.403461,55.950001,42.651531
41.432209,55.869999,42.018295
41.125584,54.57,41.083035
41.106422,54.09,40.644638
39.04631,51.73,38.832581
39.017567,52.580002,39.29047
39.343353,52.419998,39.387882
39.094219,52.5,38.988453
39.42001,52.869999,39.660667
38.998402,52.25,39.037163
38.873833,51.23,38.462368
39.094219,51.32,38.852058
39.621235,52.009998,38.949482
40.23447,53.25,40.488754
41.135166,54.799999,41.920872
41.298061,55.23,41.628605
40.876453,54.459999,41.15123
40.818966,54.939999,41.15123
40.579418,54.48,40.371853
39.400841,52.810001,38.725418
39.362514,53.009998,38.910515
38.58638,51.689999,37.7999
38.327671,51.5,38.023968
38.787594,53.849998,38.705929
39.458332,54.310001,39.621696
38.490559,52.82,38.296753
38.854671,53.259998,38.647476
40.684818,55.509998,40.147778
41.556774,56.389999,41.326588
41.834648,55.73,40.975872
42.150856,55.5,40.469269
42.610786,54.98,40.323139
43.061134,55.389999,40.332882
42.246674,55.349998,39.504795
42.783264,55.970001,39.845772
43.32943,57.07,40.362106
43.271931,56.669998,41.511692
42.256256,56.490002,38.608513
42.093357,56.810001,39.105358
43.032383,58.419998,40.108807
42.332909,57.209999,39.680153
42.189178,56.84,39.232006
42.486221,56.389999,39.066387
43.818104,58.32,40.634884
44.412186,58.950001,41.638336
44.49387,58.110001,41.852673
44.244011,57.509998,41.188656
44.541916,56.740002,40.514866
44.513088,57.150002,40.700409
45.262661,57.869999,41.696434
44.782166,57.41,41.52066
45.599007,58.349998,41.66713
45.771984,58.529999,41.872204
46.117939,59.599998,42.917053
45.512524,58.509998,42.604572
45.243446,58.23,42.506924
43.926888,56.59,40.993359
41.899197,55.09,38.815765
40.505764,52.330002,36.735828
39.756184,52.099998,36.618649
41.995289,53.950001,37.936913
42.149055,53.360001,38.112686
42.225929,57.119999,37.712322
42.07217,56.970001,38.063866
42.062565,57.130001,38.278694
44.195969,57.290001,40.534401
43.302242,57.25,39.92897
43.628979,56.689999,39.645786
44.772556,57.509998,39.841084
44.215176,57.669998,40.036388
44.67646,56.900002,40.241451
45.089687,56.830002,41.159363
45.060856,57.450001,41.29607
45.060856,57.279999,41.637844
45.253052,57.950001,42.047977
45.637447,61.560001,42.95612
44.84943,60.310001,42.467869
45.406811,60.450001,42.213974
44.647629,58.240002,40.22192
44.772556,58.169998,40.270748
44.119087,56.330002,39.30402
44.244011,55.419998,39.29425
42.917839,53.720001,38.161518
42.322033,52.459999,38.259163
43.119656,53.049999,37.917393
43.638592,53,38.278694
43.119656,51.759998,37.722084
45.12812,53.330002,39.245415
43.331074,50.779999,37.233841
44.195969,51.580002,38.386105
44.16713,52.259998,38.806007
45.368374,55.709999,41.423004
46.608055,57.799999,42.809643
45.868092,57.299999,42.389748
46.694538,57.509998,42.770576
47.021275,57.759998,43.415062
47.203857,55.970001,42.682693
48.309002,56.75,43.405304
48.193691,55.75,43.737312
47.511379,54.549999,43.268593
48.827938,56.049999,44.909107
49.010525,59.68,44.596626
49.318043,61.02,45.377834
48.885597,60.939999,45.368057
48.184078,59.549999,44.782166
48.530033,60.25,44.782166
48.856766,60.310001,45.133705
48.722225,60.599998,45.377834
49.010525,60.84,45.505039
48.812996,60.290001,44.653664
48.69738,60.299999,44.624302
49.333313,61.490002,44.369862
48.784096,60.150002,43.69463
48.466125,60.060001,43.538055
48.157791,59.639999,43.440189
48.157791,59.25,42.960674
47.203884,58.799999,42.520306
46.182533,58.080002,41.91357
46.028366,57.380001,41.394909
46.009094,57.709999,40.856682
46.741386,58.5,41.394909
46.982273,58.810001,41.297047
46.963001,58.560001,41.394909
45.517689,56.799999,40.347797
45.161175,56.220001,40.426094
45.421337,56.82,40.797958
44.766125,55.73,40.377167
45.932003,56.990002,42.33437
46.567947,57.91,42.882389
46.46196,56.740002,42.344154
47.96508,58.939999,44.007782
49.892162,60.52,44.800449
48.437222,58.650002,43.596767
47.704922,57.860001,42.71603
49.410397,59.529999,43.146614
47.483315,57.029999,41.1894
48.350502,57.299999,40.876244
49.285133,57.900002,41.688492
50.219769,58.869999,42.275658
49.169502,57.32,41.551483
48.138519,56.919998,40.210804
49.583832,58.049999,41.492779
49.863262,58,41.982071
49.853626,58.349998,42.363728
50.354664,59.779999,42.872601
50.055973,59.009998,42.305012
50.267948,59.299999,42.569237
49.304398,57.509998,41.884212
48.841904,57.299999,41.443836
46.885921,55.610001,40.034653
46.799198,55.060001,39.652996
47.146065,55.200001,40.347797
45.286438,52.630001,39.584499
44.91066,51.889999,39.506207
45.035923,51.619999,40.201019
45.247898,50.860001,41.10133
43.301544,48.060001,39.241978
43.686962,47.830002,39.682354
42.877586,45.669998,37.930649
44.284351,45.18,38.028522
44.0242,45.119999,38.224239
44.823936,45.330002,38.938622
45.05518,46.720001,39.300701
44.265079,46.439999,38.048088
44.428883,47.23,38.791824
43.089565,47.709999,38.840752
41.624981,46.110001,37.323921
42.675247,48.279999,38.155743
43.561699,48.860001,38.537388
42.020031,46.450001,36.237671
42.20311,47.57,36.707401
42.434357,48.41,37.392422
40.478367,46.860001,35.963669
39.283577,45.68,34.884258
40.449463,46.48,35.512272
41.692432,47.709999,36.42485
41.143211,46.98,35.806667
41.554016,48.349998,37.111748
43.090912,48.869999,37.886959
44.560135,50.610001,38.603291
44.908104,51.939999,38.799545
45.159424,53.82,39.015419
47.189278,55.490002,40.075195
47.314938,55.450001,39.623821
47.305267,56.259998,39.898567
47.556591,56.860001,40.585461
46.261349,56.580002,40.10463
46.628651,57.259998,40.232201
47.266609,58.400002,41.046654
46.928295,57.919998,40.811157
47.160282,58.34,41.095722
47.044281,58,40.850403
46.77364,57.610001,41.341038
44.676125,56.34,40.006512
45.178753,57.439999,40.870029
45.430069,57.259998,40.850403
46.097023,58.369999,41.674675
46.290337,58.98,41.792423
46.164684,58.049999,41.321415
47.140949,58.77,41.517673
46.995956,58.84,41.3116
48.378193,60.41,42.626507
48.44585,61.189999,42.655945
47.740238,60.490002,41.95924
47.276276,59.740002,41.134968
46.242012,57.84,39.741566
46.589989,57.91,40.143887
47.488926,58.66,40.575645
47.682243,59.82,40.605083
47.053955,59.860001,40.242008
45.439732,56.720001,38.779919
45.575062,55.849998,38.632721
45.584728,55.580002,38.20097
45.62339,55.139999,38.171528
44.270157,53.16,37.641636
44.743786,53.080002,37.779018
44.995102,53.709999,38.004715
45.07243,54.07,38.456093
46.435333,55.580002,39.192051
46.8703,56.73,40.399014
45.913368,56.900002,40.143887
44.995102,56.98,40.153698
45.304409,58.049999,40.565842
45.04343,58.599998,40.487328
43.467876,52.759998,39.260742
43.129566,50.740002,37.49445
42.462624,49.369999,36.30711
42.133976,49.139999,36.228603
42.230633,48.939999,36.022537
41.428356,48.060001,35.296391
40.278103,45.810001,34.040367
40.761402,46.66,33.882908
41.486351,47.130001,34.030521
40.046127,45.549999,32.682293
40.355438,44.990002,32.288651
40.635746,45.700001,32.505157
41.115749,45.709999,32.416584
41.649097,47,33.233398
41.018784,45.799999,32.33786
39.826038,43.779999,30.832169
40.339985,43.84,31.00931
41.697578,44.59,31.609615
42.347286,45.049999,32.121353
42.531536,45.27,32.091827
41.794548,44.009998,31.639141
41.794548,44.490002,31.50136
41.649097,44.200001,31.225811
42.308506,44.990002,31.639141
42.182434,45.130001,31.658819
41.464848,44.5,31.00931
41.813946,45.18,31.147085
42.143646,45.09,31.402954
42.192135,45.25,31.442318
41.164242,45.169998,31.166763
40.310898,44.299999,30.320433
40.029678,44.529999,30.763283
40.824841,45.810001,31.845804
40.582413,45.689999,31.993418
41.115749,46.700001,32.869278
40.766659,46.080002,32.613403
39.341183,44.060001,31.294697
37.9254,42.09,29.877581
37.712067,42.889999,30.005516
36.86842,41.830002,28.676968
36.858719,42.619999,28.873791
36.936295,43.400002,29.237909
37.49873,44.860001,29.542984
37.38237,45.09,29.415047
37.149635,45.169998,29.848057
34.114441,41.060001,26.620176
32.349567,37.75,24.868462
33.619884,38.950001,26.344627
35.142338,40.57,27.259848
35.326584,41.040001,27.860155
35.656281,41.369999,28.863947
34.541111,40.290001,28.470303
34.502331,39.310001,27.899521
35.268391,40.09,28.932837
36.238106,41.48,29.56267
36.965389,42.41,30.664871
38.992092,46.16,34.109257
38.361778,45.860001,33.902592
39.738758,47.849998,35.309872
38.769051,47.43,35.319706
38.885422,47.709999,35.457481
39.302391,47.849998,35.437801
38.992092,48.299999,35.349232
37.353275,46.66,34.404484
37.779942,47.57,35.782238
37.779942,46.889999,35.231133
37.847832,47.73,35.969219
37.372669,47.439999,35.624783
38.167831,47.400002,35.762562
37.576309,46.889999,34.935909
38.284195,47.360001,35.034313
35.287788,44.400002,32.977528
35.375065,44.900002,33.046619
35.43325,45.900002,33.145329
36.529018,48.41,33.994194
36.305984,48.490002,33.905357
36.024773,47.810001,34.142254
35.568943,47.119999,33.73756
35.783447,47.27,34.507462
35.442188,47.099998,34.467983
35.997955,48.009998,35.405682
36.01746,47.990002,36.274292
36.573215,48.18,36.126232
36.144211,47.599998,36.195328
35.8517,47.09,36.017662
35.695702,46.950001,35.534
35.773697,47.490002,35.928825
35.8517,47.599998,36.175591
35.559193,47.529999,36.244682
35.188683,46.869999,35.761021
35.637196,46.950001,35.701801
36.231964,50.990002,36.570412
35.832203,50.41,35.830116
35.900452,50.889999,35.770897
36.241711,51.09,36.05714
35.900452,51.139999,36.481575
37.928505,53.68,38.248405
38.308769,54.360001,38.840633
36.807228,52.450001,37.991764
37.479996,53.25,37.843708
36.592724,51.639999,36.886269
36.192963,51,35.918949
36.358715,51.709999,35.938694
35.8517,51,35.030602
36.631721,50.959999,34.981251
36.690228,50.310001,34.695004
37.099735,50.23,34.221218
37.538498,51.040001,34.793709
37.811504,50.950001,35.089825
37.089989,49.450001,34.477852
38.230762,50.41,35.534
38.250263,50.66,35.376072
38.055256,51.139999,35.356331
38.377022,52.470001,36.136101
38.981537,53.25,37.212002
39.147289,53.73,37.142902
39.313046,53.82,37.379791
38.942535,53.98,37.675911
37.977261,52.82,37.241611
38.776779,54.200001,38.386589
37.96751,53.52,37.705528
38.289268,52.880001,36.896137
39.010784,53.689999,38.732059
39.040039,53.200001,38.1497
38.367271,53.029999,38.080608
38.474522,53.68,38.840633
39.878563,55.439999,40.104069
40.424576,56.57,40.064587
40.141815,55.599998,39.383518
40.336819,55.040001,39.31443
40.180817,54.630001,39.176235
40.366077,53.98,38.811024
40.434322,54.419998,39.393387
40.307568,55.110001,39.541447
40.72683,56.23,40.074455
40.83408,56,39.284813
40.882835,56.139999,39.195976
40.873085,55.939999,38.968384
41.809109,57.23,39.324623
43.105892,58.529999,41.056332
43.617687,59.310001,41.26413
44.322941,60.130001,41.966709
45.008602,59.939999,41.857857
45.42979,60.25,42.481274
46.497459,62.939999,42.946365
46.673771,66.059998,44.292141
46.409306,65.5,43.985386
47.516151,67.860001,45.350964
47.898163,68.290001,45.776466
47.614101,68.989998,45.598351
47.898163,69.5,45.598351
48.201809,69.879997,45.855633
48.231197,70.089996,46.330616
47.496563,69.25,46.013958
47.594509,69.720001,46.399883
47.192913,68.949997,45.954586
46.791313,68.470001,45.271797
47.320248,69.269997,45.618137
46.840286,68.260002,45.242115
48.417301,70.970001,45.944695
50.053085,72.43,48.141487
50.297966,72.739998,47.547756
50.719154,75.169998,49.12114
48.946243,73.239998,47.092567
48.642593,72.550003,47.339951
48.799313,72.940002,47.419117
49.465382,74.790001,47.795143
49.132347,74.419998,47.132153
49.38702,74.480003,48.07222
49.720055,76.050003,48.705528
49.876774,75.720001,48.952919
48.77972,74.190002,48.181065
48.867874,74.790001,47.973263
49.328251,74.669998,48.101902
48.495659,73.529999,47.17173
48.299763,73.279999,46.756123
48.18222,72.879997,46.201969
48.466274,72.709999,45.816051
49.661285,73.019997,46.211868
48.711155,70.93,45.410336
48.662182,71.370003,45.72699
48.671978,71.279999,46.587898
49.88657,73.660004,47.973263
50.386124,75.040001,48.131592
49.847393,74,47.597233
50.180424,74.32,47.151943
49.298862,73.739998,46.261345
49.269474,74,47.142048
48.68177,74.019997,46.766014
49.465382,75.239998,47.49828
47.770824,72.75,46.44936
48.427097,73.18,47.043091
49.161732,73.589996,47.409222
49.857185,75.379997,49.071663
48.68177,74.419998,46.459255
46.693363,71.720001,44.430679
46.272171,70.470001,43.787479
46.291763,71.480003,43.589565
46.409306,72.139999,43.549984
46.83049,73.059998,43.738003
47.271271,73.5,44.826504
47.163528,71.290001,44.697865
47.114552,71.699997,44.589016
48.319355,72.980003,45.917953
48.250782,72.599998,46.066715
49.034401,73.839996,47.018799
48.83849,73.739998,46.185726
50.121651,75.75,47.147724
49.788624,75.669998,46.582428
50.180424,75.959999,46.522919
50.160835,75.410004,46.423748
50.084618,75.43,45.937794
49.64209,74.559998,45.719601
49.622421,75.080002,45.898117
49.602753,75.279999,45.937794
49.101223,74.089996,45.977463
50.182961,75.389999,46.701435
49.130722,73.279999,45.342743
49.297901,75.589996,46.433662
48.039146,73.139999,44.936127
46.849232,72.639999,44.470005
46.878731,73.440002,44.519588
46.465702,72.540001,42.972466
47.114746,72.339996,43.537762
46.564045,69.849998,42.020378
45.511806,66.550003,40.869953
46.406696,68.169998,41.742695
46.623047,67.559998,41.782364
45.737988,66.790001,41.375748
46.072346,67.489998,41.355911
44.764423,65.279999,40.086472
44.98077,66.949997,40.017048
45.15778,67.5,41.068302
45.236454,67.93,41.385662
45.334789,68.370003,41.39558
45.757656,70.739998,42.248486
45.187283,69.849998,41.613766
45.501972,70.779999,42.18898
45.197117,70.639999,41.950958
45.55114,71.349998,42.099724
44.361229,69.760002,40.562511
44.331726,70.059998,40.969128
44.508736,70.220001,41.375748
44.420227,70.879997,41.465008
44.223553,71.519997,41.970798
44.538239,70.709999,43.567513
44.302219,69.93,43.597263
43.299152,69.07,42.99229
43.613838,70.769997,43.86504
43.672844,67.75,43.448502
44.331726,69.290001,44.033634
45.167614,69.800003,44.846867
44.774254,69.559998,44.777447
46.033012,71,46.056797
45.954338,70.970001,46.225395
45.600311,71.330002,46.017128
44.98077,70.699997,43.6171
44.685749,70.209999,42.268322
44.646416,70.269997,41.73278
47.036079,73.940002,43.508007
47.508114,74.209999,43.55759
47.832634,74.910004,43.547676
47.891632,75.300003,44.142723
47.714622,74.980003,44.56918
48.737362,78.550003,46.691517
49.14056,78.550003,46.909706
48.865204,77.360001,46.155975
48.176823,76.410004,45.549706
48.688187,77.790001,46.394505
48.688187,79.059998,46.652912
47.140381,76.18,44.645267
47.061386,75.980003,44.376923
47.594601,77.980003,44.943436
47.880959,78.919998,45.92738
47.979702,79.029999,46.374626
48.256184,78.940002,46.483952
49.766972,81.410004,47.726311
50.161945,81.25,48.441906
48.443802,79.25,47.666676
48.51292,79.669998,48.113926
49.223877,80.980003,48.750008
50.547047,82.029999,49.217136
50.744534,81.669998,49.435791
50.58654,81.239998,49.435791
51.613483,81.660004,50.548943
52.176323,80.519997,51.115452
52.344185,78.830002,49.962551
51.593735,77.730003,49.17738
51.218506,77.480003,49.147568
51.257999,77.559998,49.087933
50.912399,77.339996,48.809643
51.34687,76.779999,48.4916
51.850464,78.629997,49.356281
51.109886,77.279999,47.736248
51.613483,77.589996,48.133804
52.146702,77.449997,48.670502
52.255314,76.790001,48.332577
52.205944,77.029999,48.481663
52.176323,76,48.203377
53.163761,76.699997,48.948788
53.193382,75.440002,49.316521
53.065018,75.25,50.012241
53.381001,75.080002,50.081814
53.64761,76.540001,50.946495
53.687103,77.709999,51.731663
54.763412,78.940002,52.705666
54.121578,78.260002,52.337933
53.598236,76.919998,51.294353
54.783161,80.529999,53.470959
53.815472,80.169998,53.4809
54.437561,79.849998,53.888393
53.953712,79.779999,53.540531
53.282253,78.900002,52.82494
53.114391,74.239998,52.288235
52.166451,72.080002,52.01989
51.603607,71.57,51.592522
50.882774,70.43,50.966373
50.497673,69.480003,50.300468
50.487801,70.239998,50.698021
49.450989,68.089996,49.694199
49.697849,67.879997,50.181202
48.740032,67.68,50.131512
49.441113,67.860001,50.747719
49.381866,67.440002,50.141449
49.934834,68.190002,50.240833
49.974331,68.910004,50.489307
50.112572,68.389999,50.270653
49.678101,67.790001,49.694199
49.046139,67.059998,49.097874
48.424049,65.239998,48.350945
48.858524,65.870003,48.151764
49.441113,66.709999,48.609882
49.292995,66.959999,48.321068
49.500362,66.919998,48.211517
46.933014,64.699997,45.841274
46.933014,64.75,45.363243
47.5144,64.849998,45.522587
46.858479,64.699997,45.22382
45.894478,62.830002,43.789726
44.930473,61.48,42.744026
46.391384,63.360001,45.064476
46.659718,63.150002,44.765709
46.331753,62.889999,44.377304
46.540459,62.02,44.138287
46.898232,61.959999,44.556568
47.226192,62.43,45.124229
45.55658,61.099998,43.739929
47.096992,60.330002,44.12833
46.828663,58.580002,43.660255
47.156624,58.380001,43.421238
48.518154,60.459999,45.671974
48.736794,61.240002,46.100212
48.677162,61.66,46.807297
47.971554,61.25,46.000618
47.951679,59.799999,45.811398
47.663471,58.110001,45.124229
47.603844,57.540001,44.198044
47.742977,58.060001,45.233776
47.862232,58.529999,46.100212
48.170319,58.799999,46.867054
48.021244,59.439999,47.504433
48.20013,59.68,47.384922
47.424957,60.919998,46.657913
48.011307,61.16,47.295292
47.921864,60.880001,47.295292
47.772789,60.43,47.534306
50.933128,64.139999,50.302906
51.241215,64.470001,50.522007
51.36047,64.32,50.352707
51.688427,65.25,51.089668
51.420101,64.699997,50.39254
52.374165,67.720001,52.812576
52.741875,67.400002,52.613396
52.781628,66.639999,52.434139
53.626373,67.57,52.483932
53.288475,66.949997,52.055691
52.433792,67.510002,51.856514
52.533176,67.989998,51.816677
51.946823,59.779999,51.298805
52.940639,59.900002,51.717087
51.95676,59.099998,50.770981
52.851196,59.91,51.737003
51.917011,59.919998,50.810818
50.615108,59.950001,48.410698
50.247398,60.25,47.365005
50.018818,59.040001,47.056274
49.720673,58.48,46.62804
50.038692,58.639999,47.643856
50.028755,58.27,47.165825
50.088387,59.650002,47.255455
50.257332,59.919998,47.315205
49.601414,58.709999,46.269512
49.750488,58.919998,46.179882
48.885864,58.389999,45.582344
48.587719,58.52,45.732052
48.557907,57.810001,45.65221
48.59766,57.200001,45.722073
49.025002,57.490002,47.099422
50.450001,58.68,47.588486
49.82,58.200001,47.299038
49.790001,58.759998,47.598461
50.669998,59.709999,48.556622
50.41,59.689999,48.566601
50.110001,59.43,48.466797
49.59,59.09,48.327061
50.580002,60.189999,49.12553
52.099998,62.09,49.155472
52.919998,63.32,50.393093
52.060001,62.57,48.905949
52.91,62.59,49.834164
52.389999,62.200001,49.37505
52.299999,62.189999,49.514778
53.41,63.529999,50.782341
53.459999,63.549999,50.922073
54.369999,64.239998,51.201534
53.619999,63.360001,50.373131
53.630001,63.029999,49.993858
55.25,63.130001,50.113628
56.099998,63.759998,50.961998
56.07,64.559998,51.391171
55.75,64.43,51.341267
56.220001,65.900002,51.820343
56.029999,67.279999,52.688675
56.029999,67.25,52.489059
56.43,67.349998,52.748558
56.119999,67.120003,52.299427
56.349998,67.540001,52.359306
56,67.400002,51.930134
56.740002,68.940002,52.888294
55.689999,68.489998,52.23954
55.689999,69.260002,52.568905
55.970001,69.360001,52.548946
54.68,68.510002,52.029942
54.169998,68.480003,51.980042
55.860001,73.080002,53.676773
58.52,76.449997,56.311707
59.830002,78.400002,58.357773
59.349998,77.489998,57.868713
59.720001,76.580002,58.048367
59.450001,76.300003,58.228024
60.009998,76.5,57.948563
60.130001,76.870003,57.988483
59.93,77.970001,58.17812
56.799999,69.050003,54.684837
54.810001,66.080002,52.948177
55.259998,66.559998,52.968136
55.759998,65.779999,52.578888
56.119999,67.010002,52.489059
56.77,67.82,54.21574
56.419998,67.150002,53.776585
54.619999,65.68,52
52.52,63.400002,49.759998
53.099998,63.950001,51.18
53.849998,65.360001,51.400002
51.23,63.369999,48.599998
50.459999,62.98,48.360001
52.049999,64.139999,50.09
52.169998,65.699997,50.869999
52.200001,65.68,51.07
52.950001,66.739998,51.669998
52.849998,66.519997,51.580002
